{"train_loss": [[1522264813.5220802, 100, 9.605134963989258], [1522265014.638651, 200, 8.985154151916504], [1522265218.0668182, 300, 8.194546699523926], [1522265423.9480348, 400, 8.031877517700195], [1522265628.8199222, 500, 7.8207573890686035], [1522265833.0653825, 600, 7.6513872146606445]], "valid_loss": [[1522264895.486941, 100, 9.353795051574707], [1522265097.3537133, 200, 8.560471534729004], [1522265300.04155, 300, 8.163628578186035], [1522265506.1649928, 400, 8.065200805664062], [1522265711.7124155, 500, 7.958499908447266], [1522265915.9814112, 600, 8.080188751220703]]}