{"train_loss": [[1522332026.0896358, 100, 8.889327049255371], [1522332109.2527854, 200, 8.365994453430176], [1522332191.5482857, 300, 8.216117858886719], [1522332274.9171398, 400, 8.374210357666016], [1522332359.1284497, 500, 8.469032287597656], [1522332446.93216, 600, 8.157570838928223], [1522332535.183995, 700, 8.334341049194336], [1522332620.5194435, 800, 7.845765590667725], [1522332705.4359863, 900, 7.557277679443359], [1522332792.1260655, 1000, 7.8097333908081055], [1522332927.4713135, 1100, 8.273314476013184], [1522333013.4833667, 1200, 7.802347660064697]], "valid_loss": [[1522332842.2861633, 1000, 7.869573593139648]]}