{"valid_loss": [[1525843952.6417556, 0, 11.505401386996528]], "train_loss": [[1525842576.2916477, 0, 11.513352394104004], [1525847224.085585, 1000, 7.445109844207764], [1525850494.174585, 2000, 7.455602645874023], [1525853759.9964066, 3000, 7.4346232414245605], [1525857025.8509295, 4000, 7.1915974617004395], [1525860293.1249113, 5000, 6.9856061935424805], [1525863561.136478, 6000, 7.443180084228516], [1525866829.19805, 7000, 7.171908855438232], [1525870096.336932, 8000, 6.979014873504639]]}